fecha,precipitacion_mm,precipitacion_efectiva_mm,recarga_capa_mm,eto_mm,ndvi,prof_raiz_cm,au_max_mm,kc,ks,etc_ajustada_mm,percolacion_mm,riego_mm,au_real_mm,pct_au
2026-05-28,0.0,0.0,0.0,0.82,0.513,1.0,10.0,0.71,1.0,0.58,0.0,0.0,9.42,94.2
2026-05-29,0.0,0.0,0.0,1.08,0.513,1.9,10.0,0.71,1.0,0.77,0.0,0.0,8.65,86.5
2026-05-30,0.0,0.0,0.0,1.43,0.513,2.9,10.0,0.71,1.0,1.01,0.0,0.0,7.64,76.4
2026-05-31,0.0,0.0,0.0,1.91,0.513,3.8,10.0,0.71,1.0,1.36,0.0,0.0,6.28,62.8
2026-06-01,0.0,0.0,0.0,0.96,0.513,4.7,10.0,0.71,1.0,0.68,0.0,0.0,5.6,56.0
2026-06-02,0.0,0.0,0.0,1.24,0.513,5.6,11.5,0.71,0.974,0.86,0.0,0.0,4.74,41.2
2026-06-03,1.25,1.25,0.0,0.89,0.513,6.6,13.39,0.71,0.708,0.45,0.0,0.0,5.54,41.4
2026-06-04,3.25,3.25,0.0,1.04,0.513,7.5,15.28,0.71,0.725,0.54,0.0,0.0,8.25,54.0
2026-06-05,5.0,5.0,0.0,1.7,0.513,8.4,17.17,0.71,0.961,1.16,0.0,0.0,12.09,70.4
2026-06-06,3.4,3.4,0.0,0.66,0.513,9.4,19.07,0.71,1.0,0.47,0.0,0.0,15.03,78.8
2026-06-07,5.75,5.75,0.0,0.73,0.513,10.3,20.96,0.71,1.0,0.52,0.0,0.0,20.26,96.7
2026-06-08,0.4,0.4,0.0,1.26,0.513,11.2,22.85,0.71,1.0,0.89,0.0,0.0,19.77,86.5
2026-06-09,0.0,0.0,0.0,1.08,0.513,12.1,24.74,0.71,1.0,0.77,0.0,0.0,19.0,76.8
2026-06-10,0.25,0.25,0.0,0.63,0.513,13.1,26.63,0.71,1.0,0.45,0.0,0.0,18.8,70.6
2026-06-11,0.0,0.0,0.0,1.0,0.513,14.0,28.52,0.71,1.0,0.71,0.0,0.0,18.09,63.4
2026-06-12,0.0,0.0,0.0,1.78,0.513,14.9,30.42,0.71,1.0,1.26,0.0,0.0,16.83,55.3
2026-06-13,0.0,0.0,0.0,1.58,0.513,15.9,32.31,0.71,1.0,1.12,0.0,0.0,15.71,48.6
2026-06-14,0.0,0.0,0.0,1.49,0.513,16.8,34.2,0.71,0.919,0.97,0.0,0.0,14.74,43.1
2026-06-15,0.0,0.0,0.0,1.11,0.513,17.7,36.09,0.71,0.817,0.64,0.0,0.0,14.1,39.1
2026-06-16,0.0,0.0,0.0,1.17,0.513,18.6,37.98,0.71,0.742,0.61,0.0,0.0,13.48,35.5
2026-06-17,0.25,0.25,0.0,1.14,0.513,19.6,39.88,0.71,0.676,0.55,0.0,0.0,13.19,33.1
2026-06-18,0.0,0.0,23.45,0.83,0.513,20.5,74.25,0.71,0.987,0.58,0.0,0.0,36.06,48.6
2026-06-19,0.0,0.0,0.0,2.88,0.513,21.4,74.25,0.71,0.971,1.98,0.0,0.0,34.07,45.9
2026-06-20,0.0,0.0,0.0,2.65,0.513,22.4,74.25,0.71,0.918,1.73,0.0,0.0,32.34,43.6
2026-06-21,2.25,2.25,0.0,0.76,0.513,23.3,74.25,0.71,0.871,0.47,0.0,0.0,34.13,46.0
2026-06-22,0.0,0.0,0.0,1.5,0.513,24.2,74.25,0.71,0.919,0.98,0.0,0.0,33.15,44.6
2026-06-23,0.0,0.0,0.0,1.33,0.501,25.1,74.25,0.689,0.893,0.82,0.0,0.0,32.33,43.5
2026-06-24,0.0,0.0,0.0,1.15,0.49,26.1,74.25,0.669,0.871,0.67,0.0,0.0,31.66,42.6
2026-06-25,0.0,0.0,0.0,1.46,0.478,27.0,74.25,0.648,0.853,0.81,0.0,0.0,30.85,41.6
2026-06-26,0.0,0.0,0.0,2.05,0.466,27.9,74.25,0.628,0.831,1.07,0.0,0.0,29.78,40.1
2026-06-27,0.0,0.0,0.0,1.07,0.455,28.9,74.25,0.607,0.802,0.52,0.0,0.0,29.26,39.4
2026-06-28,0.0,0.0,0.0,1.55,0.458,29.8,74.25,0.612,0.788,0.75,0.0,0.0,28.51,38.4
2026-06-29,0.0,0.0,0.0,1.1,0.461,30.7,74.25,0.617,0.768,0.52,0.0,0.0,27.99,37.7
2026-06-30,0.0,0.0,0.0,1.31,0.463,31.6,74.25,0.622,0.754,0.62,0.0,0.0,27.37,36.9
2026-07-01,0.0,0.0,0.0,0.42,0.466,32.6,74.25,0.627,0.737,0.19,0.0,0.0,27.18,36.6
2026-07-02,0.0,0.0,0.0,0.76,0.469,33.5,74.25,0.632,0.732,0.35,0.0,0.0,26.83,36.1
2026-07-03,0.0,0.0,0.0,0.87,0.472,34.4,74.25,0.637,0.723,0.4,0.0,0.0,26.43,35.6
2026-07-04,0.0,0.0,0.0,0.99,0.475,35.4,74.25,0.642,0.712,0.45,0.0,0.0,25.97,35.0
2026-07-05,0.0,0.0,0.0,1.01,0.477,36.3,74.25,0.647,0.7,0.46,0.0,0.0,25.52,34.4
2026-07-06,0.0,0.0,0.0,1.6,0.48,37.2,74.25,0.652,0.687,0.72,0.0,0.0,24.8,33.4
2026-07-07,0.0,0.0,0.0,2.37,0.483,38.1,74.25,0.657,0.668,1.04,0.0,0.0,23.76,32.0
2026-07-08,0.0,0.0,0.0,2.26,0.494,39.1,74.25,0.676,0.64,0.98,0.0,0.0,22.78,30.7
2026-07-09,0.0,0.0,0.0,2.05,0.505,40.0,74.25,0.695,0.614,0.88,0.0,0.0,21.9,29.5
2026-07-10,0.0,0.0,21.52,1.06,0.516,42.0,105.0,0.715,0.827,0.63,0.0,0.0,42.8,40.8
2026-07-11,0.0,0.0,0.0,0.69,0.527,44.0,105.0,0.734,0.815,0.41,0.0,0.0,42.39,40.4
2026-07-12,0.0,0.0,0.0,0.94,0.537,46.0,105.0,0.753,0.807,0.57,0.0,0.0,41.82,39.8
2026-07-13,0.0,0.0,0.0,1.9,0.548,48.0,105.0,0.773,0.796,1.17,0.0,0.0,40.65,38.7
2026-07-14,0.0,0.0,0.0,2.22,0.559,50.0,105.0,0.792,0.774,1.36,0.0,0.0,39.28,37.4
2026-07-15,0.0,0.0,0.0,2.18,0.57,52.0,105.0,0.811,0.748,1.32,0.0,0.0,37.96,36.2
2026-07-16,0.0,0.0,0.0,2.67,0.581,54.0,105.0,0.831,0.723,1.6,0.0,0.0,36.36,34.6
2026-07-17,0.0,0.0,0.0,2.53,0.592,56.0,105.0,0.85,0.693,1.49,0.0,0.0,34.87,33.2
2026-07-18,0.0,0.0,0.0,1.29,0.603,58.0,105.0,0.869,0.664,0.75,0.0,0.0,34.12,32.5
2026-07-19,0.0,0.0,0.0,0.98,0.614,60.0,105.0,0.888,0.65,0.57,0.0,0.0,33.56,32.0
2026-07-20,0.0,0.0,21.52,0.95,0.625,62.2,135.75,0.908,0.812,0.7,0.0,0.0,54.38,40.1
2026-07-21,1.25,1.25,0.0,0.72,0.636,64.4,135.75,0.927,0.801,0.53,0.0,0.0,55.1,40.6
2026-07-22,0.0,0.0,0.0,0.78,0.647,66.7,135.75,0.946,0.812,0.6,0.0,0.0,54.5,40.1
2026-07-23,0.0,0.0,0.0,1.12,0.657,68.9,135.75,0.966,0.803,0.87,0.0,0.0,53.63,39.5
2026-07-24,0.0,0.0,0.0,1.05,0.668,71.1,135.75,0.985,0.79,0.82,0.0,0.0,52.82,38.9
2026-07-25,0.0,0.0,0.0,1.56,0.679,73.3,135.75,1.004,0.778,1.22,0.0,0.0,51.6,38.0
2026-07-26,0.0,0.0,0.0,1.75,0.69,75.6,135.75,1.024,0.76,1.36,0.0,0.0,50.24,37.0
2026-07-27,0.0,0.0,0.0,3.32,0.701,77.8,135.75,1.043,0.74,2.56,0.0,0.0,47.68,35.1
2026-07-28,0.0,0.0,0.0,1.04,0.704,80.0,135.75,1.049,0.702,0.77,0.0,0.0,46.91,34.6
2026-07-29,0.0,0.0,21.52,0.98,0.708,82.5,166.5,1.054,0.822,0.85,0.0,0.0,67.58,40.6
2026-07-30,0.0,0.0,0.0,0.84,0.711,85.0,166.5,1.06,0.812,0.72,0.0,0.0,66.86,40.2
2026-07-31,0.0,0.0,0.0,2.39,0.714,87.5,166.5,1.066,0.803,2.05,0.0,0.0,64.81,38.9
2026-08-01,0.0,0.0,0.0,2.89,0.717,90.0,166.5,1.072,0.779,2.42,0.0,0.0,62.4,37.5
2026-08-02,0.0,0.0,0.0,2.14,0.726,92.5,166.5,1.087,0.75,1.74,0.0,0.0,60.66,36.4
2026-08-03,0.0,0.0,0.0,1.69,0.735,95.0,166.5,1.103,0.729,1.36,0.0,0.0,59.29,35.6
2026-08-04,0.0,0.0,0.0,1.12,0.744,97.5,166.5,1.119,0.712,0.9,0.0,0.0,58.4,35.1
2026-08-05,1.0,1.0,0.0,1.07,0.753,100.0,166.5,1.135,0.701,0.85,0.0,0.0,58.55,35.2
2026-08-06,0.0,0.0,21.52,2.18,0.762,102.5,197.25,1.151,0.812,2.04,0.0,0.0,78.03,39.6
2026-08-07,0.0,0.0,0.0,2.36,0.741,105.0,197.25,1.113,0.791,2.08,0.0,0.0,75.95,38.5
2026-08-08,0.0,0.0,0.0,2.62,0.719,107.5,197.25,1.075,0.77,2.17,0.0,0.0,73.78,37.4
2026-08-09,0.0,0.0,0.0,2.2,0.698,110.0,197.25,1.037,0.748,1.7,0.0,0.0,72.08,36.5
2026-08-10,0.0,0.0,0.0,1.84,0.676,112.5,197.25,0.999,0.731,1.35,0.0,0.0,70.73,35.9
2026-08-11,0.0,0.0,0.0,1.29,0.655,115.0,197.25,0.961,0.717,0.89,0.0,0.0,69.85,35.4
2026-08-12,0.0,0.0,0.0,1.26,0.633,117.5,197.25,0.923,0.708,0.82,0.0,0.0,69.02,35.0
2026-08-13,0.0,0.0,0.0,1.09,0.612,120.0,197.25,0.885,0.7,0.68,0.0,0.0,68.35,34.6
2026-08-14,0.5,0.5,20.65,0.83,0.59,122.9,226.75,0.847,0.785,0.55,0.0,0.0,88.95,39.2
2026-08-15,0.0,0.0,0.0,1.07,0.569,125.7,226.75,0.809,0.785,0.68,0.0,0.0,88.27,38.9
2026-08-16,0.0,0.0,0.0,1.96,0.547,128.6,226.75,0.771,0.779,1.17,0.0,0.0,87.09,38.4
2026-08-17,0.0,0.0,0.0,1.55,0.526,131.4,226.75,0.732,0.768,0.87,0.0,0.0,86.22,38.0
2026-08-18,0.0,0.0,0.0,2.2,0.504,134.3,226.75,0.694,0.76,1.16,0.0,0.0,85.06,37.5
2026-08-19,0.0,0.0,0.0,2.11,0.483,137.1,226.75,0.656,0.75,1.04,0.0,0.0,84.02,37.1
2026-08-20,0.0,0.0,0.0,3.29,0.461,140.0,226.75,0.618,0.741,1.51,0.0,0.0,82.51,36.4
2026-08-21,0.0,0.0,20.65,1.8,0.44,142.9,256.25,0.58,0.805,0.84,0.0,0.0,102.32,39.9
2026-08-22,0.0,0.0,0.0,2.05,0.47,145.7,256.25,0.633,0.799,1.04,0.0,0.0,101.29,39.5
2026-08-23,0.0,0.0,0.0,1.53,0.5,148.6,256.25,0.686,0.791,0.83,0.0,0.0,100.46,39.2
2026-08-24,0.0,0.0,0.0,2.7,0.529,151.4,256.25,0.739,0.784,1.56,0.0,0.0,98.9,38.6
2026-08-25,0.0,0.0,0.0,3.11,0.559,154.3,256.25,0.792,0.772,1.9,0.0,0.0,96.99,37.9
2026-08-26,0.0,0.0,0.0,3.62,0.589,157.1,256.25,0.845,0.757,2.31,0.0,0.0,94.68,36.9
2026-08-27,0.0,0.0,0.0,1.86,0.619,160.0,256.25,0.898,0.739,1.23,0.0,0.0,93.45,36.5
2026-08-28,0.0,0.0,20.65,2.49,0.649,165.0,285.75,0.951,0.799,1.89,0.0,0.0,112.21,39.3
2026-08-29,0.0,0.0,0.0,2.79,0.679,170.0,285.75,1.004,0.785,2.2,0.0,0.0,110.01,38.5
2026-08-30,0.0,0.0,0.0,3.01,0.709,175.0,285.75,1.057,0.77,2.45,0.0,0.0,107.56,37.6
2026-08-31,0.0,0.0,0.0,3.37,0.739,180.0,285.75,1.11,0.753,2.81,0.0,0.0,104.74,36.7
2026-09-01,0.0,0.0,20.65,3.13,0.745,185.0,315.25,1.12,0.796,2.79,0.0,0.0,122.6,38.9
2026-09-02,0.0,0.0,0.0,5.56,0.75,190.0,315.25,1.13,0.778,4.88,0.0,0.0,117.72,37.3
2026-09-03,0.0,0.0,0.0,3.91,0.682,195.0,315.25,1.01,0.747,2.95,0.0,0.0,114.77,36.4
2026-09-04,0.0,0.0,0.0,3.13,0.615,200.0,315.25,0.89,0.728,2.03,0.0,0.0,112.74,35.8
2026-09-05,0.0,0.0,0.0,2.43,0.547,200.0,315.25,0.77,0.715,1.34,0.0,0.0,111.4,35.3
2026-09-06,0.0,0.0,0.0,2.07,0.532,200.0,315.25,0.744,0.707,1.09,0.0,0.0,110.32,35.0
2026-09-07,0.0,0.0,0.0,3.19,0.517,200.0,315.25,0.718,0.7,1.6,0.0,0.0,108.71,34.5
2026-09-08,0.0,0.0,0.0,3.87,0.503,200.0,315.25,0.692,0.69,1.85,0.0,0.0,106.87,33.9
2026-09-09,0.0,0.0,0.0,3.32,0.488,200.0,315.25,0.666,0.678,1.5,0.0,0.0,105.37,33.4
2026-09-10,14.0,14.0,0.0,3.03,0.473,200.0,315.25,0.64,0.668,1.29,0.0,0.0,118.07,37.5
2026-09-11,5.25,5.25,0.0,2.89,0.459,200.0,315.25,0.614,0.749,1.33,0.0,0.0,121.99,38.7
2026-09-12,1.75,1.75,0.0,1.14,0.444,200.0,315.25,0.588,0.774,0.52,0.0,0.0,123.22,39.1
2026-09-13,0.0,0.0,0.0,1.41,0.429,200.0,315.25,0.562,0.782,0.62,0.0,0.0,122.6,38.9
2026-09-14,0.25,0.25,0.0,2.45,0.415,200.0,315.25,0.536,0.778,1.02,0.0,0.0,121.83,38.6
2026-09-15,0.0,0.0,0.0,3.53,0.4,200.0,315.25,0.51,0.773,1.39,0.0,0.0,120.44,38.2
2026-09-16,0.0,0.0,0.0,3.54,0.386,200.0,315.25,0.484,0.764,1.31,0.0,0.0,119.13,37.8
2026-09-17,0.0,0.0,0.0,5.18,0.371,200.0,315.25,0.458,0.756,1.79,0.0,0.0,117.34,37.2
2026-09-18,0.0,0.0,0.0,4.01,0.356,200.0,315.25,0.432,0.744,1.29,0.0,0.0,116.05,36.8
2026-09-19,0.0,0.0,0.0,4.48,0.342,200.0,315.25,0.407,0.736,1.34,0.0,0.0,114.7,36.4
2026-09-20,5.75,5.75,0.0,4.51,0.327,200.0,315.25,0.381,0.728,1.25,0.0,0.0,119.2,37.8
2026-09-21,0.0,0.0,0.0,3.84,0.332,200.0,315.25,0.39,0.756,1.13,0.0,0.0,118.07,37.5
2026-09-22,0.0,0.0,0.0,3.53,0.338,200.0,315.25,0.4,0.749,1.06,0.0,0.0,117.01,37.1
2026-09-23,0.0,0.0,0.0,6.03,0.343,200.0,315.25,0.41,0.742,1.84,0.0,0.0,115.18,36.5
2026-09-24,0.0,0.0,0.0,7.97,0.349,200.0,315.25,0.42,0.731,2.44,0.0,0.0,112.74,35.8
2026-09-25,0.0,0.0,0.0,4.91,0.354,200.0,315.25,0.429,0.715,1.51,0.0,0.0,111.23,35.3
2026-09-26,0.0,0.0,0.0,4.31,0.353,200.0,315.25,0.427,0.706,1.3,0.0,0.0,109.93,34.9
2026-09-27,13.5,13.5,0.0,3.85,0.352,200.0,315.25,0.426,0.697,1.14,0.0,0.0,122.29,38.8
2026-09-28,5.75,5.75,0.0,3.29,0.351,200.0,315.25,0.424,0.776,1.08,0.0,0.0,126.95,40.3
2026-09-29,0.0,0.0,0.0,3.27,0.35,200.0,315.25,0.422,0.805,1.11,0.0,0.0,125.84,39.9
2026-09-30,4.25,4.25,0.0,3.91,0.349,200.0,315.25,0.42,0.798,1.31,0.0,0.0,128.78,40.8
2026-10-01,0.0,0.0,0.0,3.18,0.349,200.0,315.25,0.42,0.817,1.09,0.0,0.0,127.69,40.5
2026-10-02,0.0,0.0,0.0,4.02,0.349,200.0,315.25,0.42,0.81,1.37,0.0,0.0,126.32,40.1
2026-10-03,0.0,0.0,0.0,4.04,0.349,200.0,315.25,0.42,0.801,1.36,0.0,0.0,124.96,39.6
