fecha,precipitacion_mm,eto_mm,ndvi,prof_raiz_cm,au_max_mm,kc,ks,etc_ajustada_mm,percolacion_mm,riego_mm,au_real_mm,pct_au
2026-01-05,0.0,7.83,0.3,12.0,24.45,0.333,1.0,2.61,0.0,0.0,21.84,89.3
2026-01-06,0.25,7.22,0.3,14.0,28.52,0.333,1.0,2.4,0.0,0.0,19.69,69.0
2026-01-07,1.31,6.67,0.3,16.0,32.6,0.333,1.0,2.22,0.0,0.0,18.78,57.6
2026-01-08,28.99,2.33,0.3,18.0,36.68,0.333,1.0,0.77,10.33,0.0,36.68,100.0
2026-01-09,3.47,3.64,0.3,20.0,40.75,0.333,1.0,1.21,0.0,0.0,38.94,95.5
2026-01-10,0.15,5.56,0.3,22.0,74.25,0.333,1.0,1.85,0.0,0.0,37.23,50.1
2026-01-11,0.0,7.05,0.3,24.0,74.25,0.333,1.0,2.35,0.0,0.0,34.89,47.0
2026-01-12,0.0,7.86,0.3,26.0,74.25,0.333,1.0,2.62,0.0,0.0,32.27,43.5
2026-01-13,2.68,4.92,0.3,28.0,74.25,0.333,0.966,1.58,0.0,0.0,33.36,44.9
2026-01-14,0.23,6.73,0.3,30.0,74.25,0.333,0.999,2.24,0.0,0.0,31.36,42.2
2026-01-15,4.73,3.73,0.3,32.0,74.25,0.333,0.938,1.17,0.0,0.0,34.92,47.0
2026-01-16,0.03,5.7,0.3,34.0,74.25,0.333,1.0,1.9,0.0,0.0,33.06,44.5
2026-01-17,0.0,6.33,0.3,36.0,74.25,0.333,0.989,2.08,0.0,0.0,30.97,41.7
2026-01-18,2.11,4.77,0.3,38.0,74.25,0.333,0.927,1.47,0.0,0.0,31.61,42.6
2026-01-19,0.0,6.2,0.3,40.0,74.25,0.333,0.946,1.95,0.0,0.0,29.66,39.9
2026-01-20,0.0,6.56,0.3,42.0,105.0,0.333,0.628,1.37,0.0,0.0,28.29,26.9
2026-01-21,0.0,7.19,0.3,44.0,105.0,0.333,0.599,1.43,0.0,0.0,26.85,25.6
2026-01-22,0.0,7.33,0.3,46.0,105.0,0.333,0.568,1.39,0.0,0.0,25.47,24.3
2026-01-23,0.0,7.06,0.681,48.0,105.0,1.008,0.539,3.84,0.0,0.0,21.63,20.6
2026-01-24,0.0,6.6,0.681,50.0,105.0,1.008,0.458,3.05,0.0,0.0,18.58,17.7
2026-01-25,0.0,7.62,0.681,52.0,105.0,1.008,0.393,3.02,0.0,0.0,15.56,14.8
2026-01-26,7.35,4.11,0.681,54.0,105.0,1.008,0.329,1.37,0.0,0.0,21.55,20.5
2026-01-27,4.25,4.22,0.681,56.0,105.0,1.008,0.456,1.94,0.0,0.0,23.85,22.7
2026-01-28,1.22,5.42,0.786,58.0,105.0,1.194,0.505,3.27,0.0,0.0,21.8,20.8
2026-01-29,0.0,6.49,0.786,60.0,105.0,1.194,0.461,3.58,0.0,0.0,18.22,17.4
2026-01-30,0.0,6.42,0.786,62.0,135.75,1.194,0.298,2.29,0.0,0.0,15.94,11.7
2026-01-31,2.85,5.38,0.786,64.0,135.75,1.194,0.261,1.68,0.0,0.0,17.12,12.6
2026-02-01,3.21,3.72,0.786,66.0,135.75,1.194,0.28,1.24,0.0,0.0,19.08,14.1
2026-02-02,1.0,5.7,0.836,68.0,135.75,1.2,0.312,2.14,0.0,0.0,17.94,13.2
2026-02-03,0.03,6.03,0.836,70.0,135.75,1.2,0.294,2.13,0.0,0.0,15.84,11.7
2026-02-04,0.28,5.14,0.836,72.0,135.75,1.2,0.259,1.6,0.0,0.0,14.53,10.7
2026-02-05,6.1,3.77,0.836,74.0,135.75,1.2,0.238,1.07,0.0,0.0,19.55,14.4
2026-02-06,11.55,3.64,0.836,76.0,135.75,1.2,0.32,1.4,0.0,0.0,29.71,21.9
2026-02-07,0.0,5.82,0.807,78.0,135.75,1.2,0.486,3.4,0.0,0.0,26.31,19.4
2026-02-08,0.0,6.29,0.807,80.0,135.75,1.2,0.431,3.25,0.0,0.0,23.07,17.0
2026-02-09,12.79,3.51,0.807,82.0,166.5,1.2,0.308,1.3,0.0,0.0,34.56,20.8
2026-02-10,0.0,5.58,0.807,84.0,166.5,1.2,0.461,3.09,0.0,0.0,31.47,18.9
2026-02-11,0.0,5.68,0.807,86.0,166.5,1.2,0.42,2.86,0.0,0.0,28.61,17.2
2026-02-12,0.0,5.45,0.807,88.0,166.5,1.2,0.382,2.5,0.0,0.0,26.12,15.7
2026-02-13,0.0,5.56,0.807,90.0,166.5,1.2,0.349,2.32,0.0,0.0,23.79,14.3
2026-02-14,0.0,5.53,0.807,92.0,166.5,1.2,0.318,2.11,0.0,0.0,21.69,13.0
2026-02-15,13.74,4.13,0.807,94.0,166.5,1.2,0.289,1.43,0.0,0.0,34.0,20.4
2026-02-16,0.38,3.35,0.807,96.0,166.5,1.2,0.454,1.82,0.0,0.0,32.56,19.6
2026-02-17,0.24,3.9,0.776,98.0,166.5,1.175,0.435,1.99,0.0,0.0,30.81,18.5
2026-02-18,11.97,4.74,0.776,100.0,166.5,1.175,0.411,2.29,0.0,0.0,40.49,24.3
2026-02-19,31.42,4.3,0.776,102.0,197.25,1.175,0.456,2.3,0.0,0.0,69.61,35.3
2026-02-20,0.0,5.26,0.776,104.0,197.25,1.175,0.784,4.84,0.0,0.0,64.76,32.8
2026-02-21,2.27,3.03,0.776,106.0,197.25,1.175,0.73,2.59,0.0,0.0,64.44,32.7
2026-02-22,1.1,3.91,0.776,108.0,197.25,1.175,0.726,3.33,0.0,0.0,62.21,31.5
2026-02-23,0.06,4.86,0.776,110.0,197.25,1.175,0.701,4.0,0.0,0.0,58.27,29.5
2026-02-24,0.09,5.49,0.776,112.0,197.25,1.175,0.656,4.24,0.0,0.0,54.12,27.4
2026-02-25,0.0,5.11,0.776,114.0,197.25,1.175,0.61,3.66,0.0,0.0,50.46,25.6
2026-02-26,5.05,3.79,0.776,116.0,197.25,1.175,0.568,2.53,0.0,0.0,52.98,26.9
2026-02-27,0.01,4.2,0.795,118.0,197.25,1.2,0.597,3.01,0.0,0.0,49.98,25.3
2026-02-28,0.1,5.05,0.795,120.0,197.25,1.2,0.563,3.41,0.0,0.0,46.67,23.7
2026-03-01,0.0,5.62,0.795,122.0,228.0,1.2,0.455,3.07,0.0,0.0,43.6,19.1
2026-03-02,18.65,5.86,0.795,124.0,228.0,1.2,0.425,2.99,0.0,0.0,59.27,26.0
2026-03-03,19.96,2.39,0.795,126.0,228.0,1.2,0.578,1.66,0.0,0.0,77.57,34.0
2026-03-04,0.01,4.58,0.788,128.0,228.0,1.197,0.756,4.15,0.0,0.0,73.43,32.2
2026-03-05,4.49,2.92,0.788,130.0,228.0,1.197,0.716,2.5,0.0,0.0,75.43,33.1
2026-03-06,3.25,2.63,0.788,132.0,228.0,1.197,0.735,2.31,0.0,0.0,76.36,33.5
2026-03-07,0.29,3.25,0.788,134.0,228.0,1.197,0.744,2.9,0.0,0.0,73.75,32.3
2026-03-08,16.53,2.61,0.788,136.0,228.0,1.197,0.719,2.25,0.0,0.0,88.04,38.6
2026-03-09,1.01,2.48,0.788,138.0,228.0,1.197,0.858,2.54,0.0,0.0,86.51,37.9
2026-03-10,3.38,3.06,0.788,140.0,228.0,1.197,0.843,3.09,0.0,0.0,86.8,38.1
2026-03-11,0.05,3.63,0.788,142.0,258.75,1.197,0.745,3.24,0.0,0.0,83.61,32.3
2026-03-12,0.02,3.55,0.788,144.0,258.75,1.197,0.718,3.05,0.0,0.0,80.58,31.1
2026-03-13,0.0,4.01,0.788,146.0,258.75,1.197,0.692,3.32,0.0,0.0,77.26,29.9
2026-03-14,9.93,2.64,0.788,148.0,258.75,1.197,0.664,2.09,0.0,0.0,85.09,32.9
2026-03-15,0.01,3.91,0.788,150.0,258.75,1.197,0.731,3.42,0.0,0.0,81.68,31.6
2026-03-16,0.45,3.74,0.788,152.0,258.75,1.197,0.702,3.14,0.0,0.0,78.99,30.5
2026-03-17,3.12,3.85,0.788,154.0,258.75,1.197,0.678,3.13,0.0,0.0,78.99,30.5
2026-03-18,0.07,3.14,0.788,156.0,258.75,1.197,0.678,2.55,0.0,0.0,76.5,29.6
2026-03-19,0.0,4.37,0.752,158.0,258.75,1.133,0.657,3.25,0.0,0.0,73.25,28.3
2026-03-20,18.98,2.08,0.752,160.0,258.75,1.133,0.629,1.48,0.0,0.0,90.75,35.1
2026-03-21,11.54,4.57,0.752,162.0,289.5,1.133,0.697,3.61,0.0,0.0,98.69,34.1
2026-03-22,0.1,3.96,0.752,164.0,289.5,1.133,0.758,3.4,0.0,0.0,95.39,32.9
2026-03-23,0.09,4.45,0.752,166.0,289.5,1.133,0.732,3.69,0.0,0.0,91.78,31.7
2026-03-24,0.0,4.2,0.728,168.0,289.5,1.09,0.705,3.23,0.0,0.0,88.56,30.6
2026-03-25,0.0,3.26,0.728,170.0,289.5,1.09,0.68,2.42,0.0,0.0,86.14,29.8
2026-03-26,0.0,3.06,0.641,172.0,289.5,0.937,0.661,1.9,0.0,0.0,84.24,29.1
2026-03-27,5.15,1.44,0.641,174.0,289.5,0.937,0.647,0.87,0.0,0.0,88.52,30.6
2026-03-28,9.3,1.97,0.641,176.0,289.5,0.937,0.679,1.26,0.0,0.0,96.56,33.4
2026-03-29,0.36,4.03,0.513,178.0,289.5,0.711,0.741,2.12,0.0,0.0,94.8,32.7
2026-03-30,0.06,4.25,0.513,180.0,289.5,0.711,0.728,2.2,0.0,0.0,92.67,32.0
2026-03-31,0.0,4.86,0.513,182.0,320.25,0.711,0.643,2.22,0.0,0.0,90.45,28.2
2026-04-01,2.69,4.05,0.513,184.0,320.25,0.711,0.628,1.8,0.0,0.0,91.33,28.5
2026-04-02,29.3,2.0,0.513,186.0,320.25,0.711,0.634,0.9,0.0,0.0,119.73,37.4
2026-04-03,4.68,2.81,0.128,188.0,320.25,0.1,0.831,0.23,0.0,0.0,124.17,38.8
2026-04-04,31.61,2.18,0.128,190.0,320.25,0.1,0.862,0.19,0.0,0.0,155.59,48.6
2026-04-05,18.77,0.92,0.128,192.0,320.25,0.1,1.0,0.09,0.0,0.0,174.28,54.4
2026-04-06,3.91,1.06,0.128,194.0,320.25,0.1,1.0,0.11,0.0,0.0,178.08,55.6
2026-04-07,0.15,2.05,0.128,196.0,320.25,0.1,1.0,0.21,0.0,0.0,178.02,55.6
2026-04-08,0.0,2.72,0.128,198.0,320.25,0.1,1.0,0.27,0.0,0.0,177.75,55.5
2026-04-09,0.0,2.24,0.128,200.0,320.25,0.1,1.0,0.22,0.0,0.0,177.53,55.4
2026-04-10,0.0,3.24,0.128,200.0,320.25,0.1,1.0,0.32,0.0,0.0,177.21,55.3
2026-04-11,1.33,2.41,0.128,200.0,320.25,0.1,1.0,0.24,0.0,0.0,178.3,55.7
2026-04-12,0.0,2.97,0.128,200.0,320.25,0.1,1.0,0.3,0.0,0.0,178.01,55.6
2026-04-13,0.21,2.54,0.128,200.0,320.25,0.1,1.0,0.25,0.0,0.0,177.96,55.6
2026-04-14,10.17,1.02,0.128,200.0,320.25,0.1,1.0,0.1,0.0,0.0,188.03,58.7
2026-04-15,1.39,2.19,0.128,200.0,320.25,0.1,1.0,0.22,0.0,0.0,189.2,59.1
2026-04-16,0.0,3.06,0.128,200.0,320.25,0.1,1.0,0.31,0.0,0.0,188.9,59.0
2026-04-17,0.0,2.97,0.128,200.0,320.25,0.1,1.0,0.3,0.0,0.0,188.6,58.9
2026-04-18,0.14,2.77,0.051,200.0,320.25,0.1,1.0,0.28,0.0,0.0,188.46,58.8
2026-04-19,12.77,1.7,0.051,200.0,320.25,0.1,1.0,0.17,0.0,0.0,201.06,62.8
2026-04-20,0.62,1.77,0.051,200.0,320.25,0.1,1.0,0.18,0.0,0.0,201.51,62.9
2026-04-21,0.02,2.48,0.051,200.0,320.25,0.1,1.0,0.25,0.0,0.0,201.28,62.9
2026-04-22,0.09,1.89,0.051,200.0,320.25,0.1,1.0,0.19,0.0,0.0,201.18,62.8
2026-04-23,0.0,2.31,0.039,200.0,320.25,0.1,1.0,0.23,0.0,0.0,200.95,62.7
2026-04-24,0.42,2.3,0.039,200.0,320.25,0.1,1.0,0.23,0.0,0.0,201.14,62.8
2026-04-25,2.48,1.78,0.039,200.0,320.25,0.1,1.0,0.18,0.0,0.0,203.45,63.5
2026-04-26,0.0,3.39,0.039,200.0,320.25,0.1,1.0,0.34,0.0,0.0,203.11,63.4
2026-04-27,0.0,2.59,0.039,200.0,320.25,0.1,1.0,0.26,0.0,0.0,202.85,63.3
2026-04-28,0.01,2.62,0.039,200.0,320.25,0.1,1.0,0.26,0.0,0.0,202.6,63.3
2026-04-29,0.0,2.76,0.039,200.0,320.25,0.1,1.0,0.28,0.0,0.0,202.32,63.2
2026-04-30,0.0,2.89,0.039,200.0,320.25,0.1,1.0,0.29,0.0,0.0,202.03,63.1
2026-05-01,0.0,3.13,0.3,12.0,24.45,0.333,1.0,1.04,0.0,0.0,23.41,95.7
2026-05-02,0.0,2.85,0.3,14.0,28.52,0.333,1.0,0.95,0.0,0.0,22.46,78.7
2026-05-03,0.0,2.98,0.278,16.0,32.6,0.293,1.0,0.88,0.0,0.0,21.58,66.2
2026-05-04,0.0,2.32,0.278,18.0,36.68,0.293,1.0,0.68,0.0,0.0,20.9,57.0
2026-05-05,0.02,1.98,0.278,20.0,40.75,0.293,1.0,0.58,0.0,0.0,20.34,49.9
2026-05-06,1.49,2.15,0.278,22.0,74.25,0.293,0.548,0.35,0.0,0.0,21.48,28.9
2026-05-07,0.2,4.56,0.278,24.0,74.25,0.293,0.579,0.77,0.0,0.0,20.91,28.2
2026-05-08,0.2,3.36,0.256,26.0,74.25,0.255,0.563,0.48,0.0,0.0,20.62,27.8
2026-05-09,0.03,2.69,0.256,28.0,74.25,0.255,0.556,0.38,0.0,0.0,20.27,27.3
2026-05-10,0.0,2.08,0.256,30.0,74.25,0.255,0.546,0.29,0.0,0.0,19.98,26.9
2026-05-11,0.0,2.75,0.256,32.0,74.25,0.255,0.538,0.38,0.0,0.0,19.61,26.4
2026-05-12,0.0,2.27,0.256,34.0,74.25,0.255,0.528,0.3,0.0,0.0,19.3,26.0
2026-05-13,0.0,1.9,0.256,36.0,74.25,0.255,0.52,0.25,0.0,0.0,19.05,25.7
2026-05-14,0.0,1.66,0.256,38.0,74.25,0.255,0.513,0.22,0.0,0.0,18.83,25.4
2026-05-15,0.0,2.27,0.256,40.0,74.25,0.255,0.507,0.29,0.0,0.0,18.54,25.0
2026-05-16,1.76,1.42,0.256,42.0,105.0,0.255,0.353,0.13,0.0,0.0,20.17,19.2
2026-05-17,0.0,1.64,0.256,44.0,105.0,0.255,0.384,0.16,0.0,0.0,20.01,19.1
2026-05-18,0.0,1.79,0.175,46.0,105.0,0.113,0.381,0.08,0.0,0.0,19.94,19.0
2026-05-19,0.0,1.76,0.175,48.0,105.0,0.113,0.38,0.08,0.0,0.0,19.86,18.9
2026-05-20,0.0,1.95,0.175,50.0,105.0,0.113,0.378,0.08,0.0,0.0,19.78,18.8
2026-05-21,0.01,1.08,0.175,52.0,105.0,0.113,0.377,0.05,0.0,0.0,19.74,18.8
2026-05-22,0.0,1.43,0.175,54.0,105.0,0.113,0.376,0.06,0.0,0.0,19.68,18.7
2026-05-23,0.0,1.53,0.118,56.0,105.0,0.1,0.375,0.06,0.0,0.0,19.62,18.7
2026-05-24,0.0,1.44,0.118,58.0,105.0,0.1,0.374,0.05,0.0,0.0,19.57,18.6
2026-05-25,0.0,1.45,0.118,60.0,105.0,0.1,0.373,0.05,0.0,0.0,19.51,18.6
2026-05-26,0.0,1.6,0.118,62.0,135.75,0.1,0.288,0.05,0.0,0.0,19.47,14.3
2026-05-27,0.01,1.42,0.118,64.0,135.75,0.1,0.287,0.04,0.0,0.0,19.44,14.3
2026-05-28,0.22,0.76,0.118,66.0,135.75,0.1,0.286,0.02,0.0,0.0,19.64,14.5
2026-05-29,0.17,1.12,0.118,68.0,135.75,0.1,0.289,0.03,0.0,0.0,19.78,14.6
2026-05-30,0.0,1.5,0.118,70.0,135.75,0.1,0.291,0.04,0.0,0.0,19.74,14.5
2026-05-31,0.02,1.6,0.118,72.0,135.75,0.1,0.291,0.05,0.0,0.0,19.71,14.5
2026-06-01,0.59,1.27,0.118,74.0,135.75,0.1,0.29,0.04,0.0,0.0,20.27,14.9
2026-06-02,0.22,1.44,0.118,76.0,135.75,0.1,0.299,0.04,0.0,0.0,20.44,15.1
2026-06-03,2.76,1.06,0.118,78.0,135.75,0.1,0.301,0.03,0.0,0.0,23.18,17.1
2026-06-04,6.13,0.85,0.118,80.0,135.75,0.1,0.341,0.03,0.0,0.0,29.28,21.6
2026-06-05,5.57,1.29,0.118,82.0,166.5,0.1,0.352,0.05,0.0,0.0,34.81,20.9
2026-06-06,1.36,0.78,0.118,84.0,166.5,0.1,0.418,0.03,0.0,0.0,36.13,21.7
2026-06-07,16.54,0.58,0.118,86.0,166.5,0.1,0.434,0.03,0.0,0.0,52.64,31.6
2026-06-08,0.35,1.12,0.118,88.0,166.5,0.1,0.632,0.07,0.0,0.0,52.92,31.8
2026-06-09,0.01,0.83,0.118,90.0,166.5,0.1,0.636,0.05,0.0,0.0,52.88,31.8
2026-06-10,0.27,0.75,0.118,92.0,166.5,0.1,0.635,0.05,0.0,0.0,53.1,31.9
2026-06-11,0.08,1.38,0.118,94.0,166.5,0.1,0.638,0.09,0.0,0.0,53.09,31.9
2026-06-12,0.0,1.48,0.118,96.0,166.5,0.1,0.638,0.09,0.0,0.0,53.0,31.8
2026-06-13,0.0,1.22,0.118,98.0,166.5,0.1,0.637,0.08,0.0,0.0,52.93,31.8
2026-06-14,0.0,1.13,0.118,100.0,166.5,0.1,0.636,0.07,0.0,0.0,52.85,31.7
2026-06-15,0.0,1.25,0.118,102.0,197.25,0.1,0.536,0.07,0.0,0.0,52.79,26.8
2026-06-16,0.0,1.3,0.118,104.0,197.25,0.1,0.535,0.07,0.0,0.0,52.72,26.7
2026-06-17,0.0,1.12,0.118,106.0,197.25,0.1,0.535,0.06,0.0,0.0,52.66,26.7
2026-06-18,0.33,1.14,0.118,108.0,197.25,0.1,0.534,0.06,0.0,0.0,52.93,26.8
2026-06-19,0.0,2.35,0.118,110.0,197.25,0.1,0.537,0.13,0.0,0.0,52.8,26.8
2026-06-20,0.0,2.01,0.118,112.0,197.25,0.1,0.535,0.11,0.0,0.0,52.7,26.7
2026-06-21,0.33,1.08,0.118,114.0,197.25,0.1,0.534,0.06,0.0,0.0,52.97,26.9
2026-06-22,0.59,1.77,0.174,116.0,197.25,0.11,0.537,0.11,0.0,0.0,53.45,27.1
2026-06-23,0.0,1.78,0.174,118.0,197.25,0.11,0.542,0.11,0.0,0.0,53.35,27.0
2026-06-24,0.09,1.41,0.174,120.0,197.25,0.11,0.541,0.08,0.0,0.0,53.36,27.1
2026-06-25,0.0,1.7,0.174,122.0,228.0,0.11,0.468,0.09,0.0,0.0,53.27,23.4
2026-06-26,0.0,1.78,0.174,124.0,228.0,0.11,0.467,0.09,0.0,0.0,53.18,23.3
2026-06-27,0.0,1.21,0.131,126.0,228.0,0.1,0.467,0.06,0.0,0.0,53.13,23.3
2026-06-28,0.0,1.78,0.131,128.0,228.0,0.1,0.466,0.08,0.0,0.0,53.04,23.3
2026-06-29,0.0,1.35,0.131,130.0,228.0,0.1,0.465,0.06,0.0,0.0,52.98,23.2
2026-06-30,0.0,1.61,0.131,132.0,228.0,0.1,0.465,0.07,0.0,0.0,52.91,23.2
2026-07-01,0.32,0.79,0.131,134.0,228.0,0.1,0.464,0.04,0.0,0.0,53.19,23.3
2026-07-02,0.14,1.27,0.131,136.0,228.0,0.1,0.467,0.06,0.0,0.0,53.27,23.4
2026-07-03,0.0,1.15,0.131,138.0,228.0,0.1,0.467,0.05,0.0,0.0,53.22,23.3
2026-07-04,0.0,1.21,0.131,140.0,228.0,0.1,0.467,0.06,0.0,0.0,53.16,23.3
2026-07-05,0.0,1.21,0.131,142.0,258.75,0.1,0.411,0.05,0.0,0.0,53.11,20.5
2026-07-06,0.0,1.68,0.131,144.0,258.75,0.1,0.411,0.07,0.0,0.0,53.04,20.5
2026-07-07,0.0,2.33,0.131,146.0,258.75,0.1,0.41,0.1,0.0,0.0,52.95,20.5
2026-07-08,0.0,2.07,0.131,148.0,258.75,0.1,0.409,0.08,0.0,0.0,52.86,20.4
2026-07-09,0.0,2.23,0.131,150.0,258.75,0.1,0.409,0.09,0.0,0.0,52.77,20.4
2026-07-10,0.0,1.39,0.131,152.0,258.75,0.1,0.408,0.06,0.0,0.0,52.71,20.4
2026-07-11,0.01,1.07,0.131,154.0,258.75,0.1,0.407,0.04,0.0,0.0,52.68,20.4
2026-07-12,0.0,1.28,0.131,156.0,258.75,0.1,0.407,0.05,0.0,0.0,52.62,20.3
2026-07-13,0.0,1.86,0.131,158.0,258.75,0.1,0.407,0.08,0.0,0.0,52.55,20.3
2026-07-14,0.0,2.04,0.131,160.0,258.75,0.1,0.406,0.08,0.0,0.0,52.47,20.3
2026-07-15,0.0,1.73,0.131,162.0,289.5,0.1,0.362,0.06,0.0,0.0,52.4,18.1
2026-07-16,0.0,1.9,0.131,164.0,289.5,0.1,0.362,0.07,0.0,0.0,52.33,18.1
2026-07-17,0.0,1.86,0.131,166.0,289.5,0.1,0.362,0.07,0.0,0.0,52.27,18.1
2026-07-18,0.82,1.13,0.131,168.0,289.5,0.1,0.361,0.04,0.0,0.0,53.05,18.3
2026-07-19,1.93,1.31,0.131,170.0,289.5,0.1,0.366,0.05,0.0,0.0,54.93,19.0
2026-07-20,0.09,1.21,0.131,172.0,289.5,0.1,0.379,0.05,0.0,0.0,54.97,19.0
2026-07-21,6.79,0.7,0.131,174.0,289.5,0.1,0.38,0.03,0.0,0.0,61.73,21.3
2026-07-22,0.11,1.03,0.131,176.0,289.5,0.1,0.426,0.04,0.0,0.0,61.8,21.3
2026-07-23,0.46,1.13,0.131,178.0,289.5,0.1,0.427,0.05,0.0,0.0,62.21,21.5
2026-07-24,0.0,1.31,0.131,180.0,289.5,0.1,0.43,0.06,0.0,0.0,62.15,21.5
2026-07-25,0.0,1.58,0.131,182.0,320.25,0.1,0.388,0.06,0.0,0.0,62.09,19.4
2026-07-26,0.0,1.54,0.131,184.0,320.25,0.1,0.388,0.06,0.0,0.0,62.03,19.4
2026-07-27,0.0,2.16,0.224,186.0,320.25,0.199,0.387,0.17,0.0,0.0,61.87,19.3
2026-07-28,1.1,0.83,0.224,188.0,320.25,0.199,0.386,0.06,0.0,0.0,62.9,19.6
2026-07-29,0.72,1.21,0.224,190.0,320.25,0.199,0.393,0.09,0.0,0.0,63.53,19.8
2026-07-30,0.37,0.93,0.224,192.0,320.25,0.199,0.397,0.07,0.0,0.0,63.82,19.9
2026-07-31,2.91,1.73,0.224,194.0,320.25,0.199,0.399,0.14,0.0,0.0,66.6,20.8
2026-08-01,0.37,2.89,0.262,196.0,320.25,0.266,0.416,0.32,0.0,0.0,66.64,20.8
2026-08-02,0.03,2.07,0.262,198.0,320.25,0.266,0.416,0.23,0.0,0.0,66.45,20.7
2026-08-03,0.04,1.52,0.262,200.0,320.25,0.266,0.415,0.17,0.0,0.0,66.32,20.7
2026-08-04,0.0,1.44,0.262,200.0,320.25,0.266,0.414,0.16,0.0,0.0,66.16,20.7
2026-08-05,0.22,1.24,0.262,200.0,320.25,0.266,0.413,0.14,0.0,0.0,66.24,20.7
2026-08-06,1.26,2.79,0.274,200.0,320.25,0.288,0.414,0.33,0.0,0.0,67.17,21.0
2026-08-07,0.0,2.44,0.274,200.0,320.25,0.288,0.42,0.29,0.0,0.0,66.88,20.9
2026-08-08,0.0,2.96,0.274,200.0,320.25,0.288,0.418,0.36,0.0,0.0,66.52,20.8
2026-08-09,0.0,2.32,0.274,200.0,320.25,0.288,0.415,0.28,0.0,0.0,66.25,20.7
2026-08-10,0.0,1.99,0.274,200.0,320.25,0.288,0.414,0.24,0.0,0.0,66.01,20.6
2026-08-11,0.0,1.6,0.274,200.0,320.25,0.288,0.412,0.19,0.0,0.0,65.82,20.6
2026-08-12,0.03,1.62,0.274,200.0,320.25,0.288,0.411,0.19,0.0,0.0,65.66,20.5
2026-08-13,0.46,1.2,0.274,200.0,320.25,0.288,0.41,0.14,0.0,0.0,65.97,20.6
2026-08-14,0.38,0.92,0.274,200.0,320.25,0.288,0.412,0.11,0.0,0.0,66.24,20.7
2026-08-15,0.54,0.97,0.274,200.0,320.25,0.288,0.414,0.12,0.0,0.0,66.66,20.8
2026-08-16,0.05,2.1,0.198,200.0,320.25,0.153,0.416,0.13,0.0,0.0,66.58,20.8
2026-08-17,0.26,1.77,0.198,200.0,320.25,0.153,0.416,0.11,0.0,0.0,66.73,20.8
2026-08-18,0.14,2.3,0.198,200.0,320.25,0.153,0.417,0.15,0.0,0.0,66.72,20.8
2026-08-19,0.09,2.05,0.198,200.0,320.25,0.153,0.417,0.13,0.0,0.0,66.68,20.8
2026-08-20,0.0,3.29,0.198,200.0,320.25,0.153,0.416,0.21,0.0,0.0,66.47,20.8
2026-08-21,0.0,2.27,0.285,200.0,320.25,0.307,0.415,0.29,0.0,0.0,66.18,20.7
2026-08-22,0.0,2.32,0.285,200.0,320.25,0.307,0.413,0.29,0.0,0.0,65.89,20.6
2026-08-23,0.0,1.87,0.285,200.0,320.25,0.307,0.411,0.24,0.0,0.0,65.65,20.5
2026-08-24,0.0,2.71,0.285,200.0,320.25,0.307,0.41,0.34,0.0,0.0,65.31,20.4
2026-08-25,0.03,2.93,0.285,200.0,320.25,0.307,0.408,0.37,0.0,0.0,64.97,20.3
2026-08-26,0.0,2.58,0.285,200.0,320.25,0.307,0.406,0.32,0.0,0.0,64.65,20.2
2026-08-27,1.8,2.27,0.285,200.0,320.25,0.307,0.404,0.28,0.0,0.0,66.17,20.7
2026-08-28,2.15,2.64,0.285,200.0,320.25,0.307,0.413,0.33,0.0,0.0,67.99,21.2
2026-08-29,1.04,2.23,0.285,200.0,320.25,0.307,0.425,0.29,0.0,0.0,68.73,21.5
2026-08-30,0.23,2.56,0.285,200.0,320.25,0.307,0.429,0.34,0.0,0.0,68.62,21.4
2026-08-31,0.13,2.6,0.319,200.0,320.25,0.366,0.429,0.41,0.0,0.0,68.34,21.3
2026-09-01,0.0,3.09,0.319,200.0,320.25,0.366,0.427,0.48,0.0,0.0,67.86,21.2
2026-09-02,0.0,4.03,0.339,200.0,320.25,0.402,0.424,0.69,0.0,0.0,67.18,21.0
2026-09-03,0.0,4.25,0.339,200.0,320.25,0.402,0.42,0.72,0.0,0.0,66.46,20.8
2026-09-04,0.0,2.98,0.339,200.0,320.25,0.402,0.415,0.5,0.0,0.0,65.96,20.6
2026-09-05,0.0,3.11,0.339,200.0,320.25,0.402,0.412,0.51,0.0,0.0,65.45,20.4
2026-09-06,0.01,2.09,0.339,200.0,320.25,0.402,0.409,0.34,0.0,0.0,65.12,20.3
2026-09-07,0.0,3.14,0.339,200.0,320.25,0.402,0.407,0.51,0.0,0.0,64.6,20.2
2026-09-08,0.24,3.51,0.339,200.0,320.25,0.402,0.403,0.57,0.0,0.0,64.28,20.1
2026-09-09,0.33,3.28,0.339,200.0,320.25,0.402,0.401,0.53,0.0,0.0,64.08,20.0
2026-09-10,0.57,2.74,0.339,200.0,320.25,0.402,0.4,0.44,0.0,0.0,64.21,20.0
2026-09-11,9.25,2.44,0.339,200.0,320.25,0.402,0.401,0.39,0.0,0.0,73.07,22.8
2026-09-12,3.73,1.36,0.339,200.0,320.25,0.402,0.456,0.25,0.0,0.0,76.55,23.9
2026-09-13,0.51,1.73,0.339,200.0,320.25,0.402,0.478,0.33,0.0,0.0,76.72,24.0
2026-09-14,0.0,2.31,0.339,200.0,320.25,0.402,0.479,0.44,0.0,0.0,76.28,23.8
2026-09-15,0.0,3.61,0.339,200.0,320.25,0.402,0.476,0.69,0.0,0.0,75.59,23.6
2026-09-16,0.0,3.59,0.339,200.0,320.25,0.402,0.472,0.68,0.0,0.0,74.9,23.4
2026-09-17,0.0,4.53,0.339,200.0,320.25,0.402,0.468,0.85,0.0,0.0,74.05,23.1
2026-09-18,0.12,2.94,0.339,200.0,320.25,0.402,0.462,0.55,0.0,0.0,73.62,23.0
2026-09-19,0.04,4.08,0.339,200.0,320.25,0.402,0.46,0.75,0.0,0.0,72.91,22.8
2026-09-20,4.27,3.84,0.339,200.0,320.25,0.402,0.455,0.7,0.0,0.0,76.47,23.9
2026-09-21,0.0,4.76,0.339,200.0,320.25,0.402,0.478,0.91,0.0,0.0,75.56,23.6
